b'Nafrat mat failao . is the one of biggest scam in dhongi hindu',"b'_in Dear Sir,No Any Responce Me Regarding My Complain After T https://t.co/hY9wBMaTN3'",b'Rest in peace uncle ji'
b'RT I have now collected over 300 games worth of video for Game UI Database 2.0! Every single clip has been specially encoded to\xe2\x80\xa6',b'RT op told cheol that wonwoo will be doing a gaming live and cheol said wonwoo probably will play Lol (league of legends) cheo\xe2\x80\xa6',b'_odyssey You should ask PS players to buy games Sony makes because even with God of ear Ragnarok Sony shipped https://t.co/FfCyICkoXu',"b""Part of the reason this break is important is that it seems like I've injured a tendon in my hand I can still play https://t.co/J2ik5xDrto""",b'RT 10-man Real Madrid lose 2-0 at Real Sociedad. If they drop points in their next game vs Getafe they will hand Barcelona\xe2\x80\xa6',b'RT the hunger games were literally THE biggest books in the world in the 10\xe2\x80\x99s suzanne collins could have easily milked t\xe2\x80\xa6',"b""RT Bo Bichette this generation's Ichiro? Unconventional swings.. elite bat to ball skills.. aggressive attacking hitter\xe2\x80\xa6""","b""RT _lilybun I am excited to share that I've been offered the position of social media manager at a local brewery in town I can't wait\xe2\x80\xa6""",b'REPORTS CONFIRMED: KL Rahul ruled out of the next few games due to his Lower injury. Krunal Pandya will lead LSG https://t.co/WYbQ6QVWPW',b'RT _Baugh I think Avs fans sometimes forget Grubauer was a quality goalie for Colorado He was a Vezina finalist and also had a .920\xe2\x80\xa6',b'RT @_fenomeno9_ Messi fc are actually sick in the head The differnece between them and ronaldo fc kill me Ronaldo could go 10 games with\xe2\x80\xa6',"b'RT ""Burning Shores lets you fly through 3D clouds So innoative this could never be done on the PS4!!"" Rockstar games casual\xe2\x80\xa6'"
b'RT More beat em up modes in Fighting Games pls.',b'RT Barcelona are one clean sheet away from matching a La Liga record: \xe2\x96\xaa 32 games \xe2\x96\xaa 24 clean sheets \xe2\x96\xaa 75 clean sheet recor\xe2\x80\xa6',b'RT Yup I did Also told Curtis thanks and Mark thanks I always thanks the refs after games',b'RT Warriors were 19-2 in their home court games 1\xe2\x80\x99s LeBron is 28-2 in a Series after winning game 1.',b'big 40k is cool but what if I got interested in games I have room to play lmao',b'_studio Hey thanks for hosting Kitsune Battlemage has entered early access on Steam you can now host game https://t.co/O4eMhq9tPd',b'You can play one of our games on the same console as all your favorite old marios!',b'RT It\xe2\x80\x99s a FCFS basis It\xe2\x80\x99s the schools responsibility to book grandstand tickets beforehand Their school failed them not the\xe2\x80\xa6',"b""_Official As a gamer I've played many traditional games as well as blockchain games One thing to https://t.co/lJ20PV47LY""","b'RT _Daily ""Do you have games in your phone? https://t.co/HYFPEgei10'",b'RT In the last four games of the IPL the teams in the top-4 have lost their matches RR to MI CSK to PBKS LSG to RCB La\xe2\x80\xa6',"b""The DUP's political games have gone on long enough Jeffrey Donaldson is a master of hypocrisy but w https://t.co/f4A7WQbJV1"""
b'RT More beat em up modes in Fighting Games pls.',b'RT Barcelona are one clean sheet away from matching a La Liga record: \xe2\x96\xaa 32 games \xe2\x96\xaa 24 clean sheets \xe2\x96\xaa 75 clean sheet recor\xe2\x80\xa6',b'RT Yup I did Also told Curtis thanks and Mark thanks I always thanks the refs after games',b'RT Warriors were 19-2 in their home court games 1\xe2\x80\x99s LeBron is 28-2 in a Series after winning game 1.',b'big 40k is cool but what if I got interested in games I have room to play lmao',b'_studio Hey thanks for hosting Kitsune Battlemage has entered early access on Steam you can now host game https://t.co/O4eMhq9tPd',b'You can play one of our games on the same console as all your favorite old marios!',b'RT It\xe2\x80\x99s a FCFS basis It\xe2\x80\x99s the schools responsibility to book grandstand tickets beforehand Their school failed them not the\xe2\x80\xa6',"b""_Official As a gamer I've played many traditional games as well as blockchain games One thing to https://t.co/lJ20PV47LY""","b'RT _Daily ""Do you have games in your phone? https://t.co/HYFPEgei10'",b'RT In the last four games of the IPL the teams in the top-4 have lost their matches RR to MI CSK to PBKS LSG to RCB La\xe2\x80\xa6',"b""The DUP's political games have gone on long enough Jeffrey Donaldson is a master of hypocrisy but w https://t.co/f4A7WQbJV1"""
b'RT More beat em up modes in Fighting Games pls.',b'RT Barcelona are one clean sheet away from matching a La Liga record: \xe2\x96\xaa 32 games \xe2\x96\xaa 24 clean sheets \xe2\x96\xaa 75 clean sheet recor\xe2\x80\xa6',b'RT Yup I did Also told Curtis thanks and Mark thanks I always thanks the refs after games',b'RT Warriors were 19-2 in their home court games 1\xe2\x80\x99s LeBron is 28-2 in a Series after winning game 1.',b'big 40k is cool but what if I got interested in games I have room to play lmao',b'_studio Hey thanks for hosting Kitsune Battlemage has entered early access on Steam you can now host game https://t.co/O4eMhq9tPd',b'You can play one of our games on the same console as all your favorite old marios!',b'RT It\xe2\x80\x99s a FCFS basis It\xe2\x80\x99s the schools responsibility to book grandstand tickets beforehand Their school failed them not the\xe2\x80\xa6',"b""_Official As a gamer I've played many traditional games as well as blockchain games One thing to https://t.co/lJ20PV47LY""","b'RT _Daily ""Do you have games in your phone? https://t.co/HYFPEgei10'",b'RT In the last four games of the IPL the teams in the top-4 have lost their matches RR to MI CSK to PBKS LSG to RCB La\xe2\x80\xa6',"b""The DUP's political games have gone on long enough Jeffrey Donaldson is a master of hypocrisy but w https://t.co/f4A7WQbJV1"""
b'RT #Web3 games are revolutionizing the gaming industry \xf0\x9f\x92\xb8They use #blockchain technology to offer decentralized ownersh\xe2\x80\xa6',b'RT AI GENESIS is ready The BEST descentralized project of the 2023 \xf0\x9f\x9a\x80\xf0\x9f\x9a\x80\xf0\x9f\x9a\x80 Join in https://t.co/wtW9NYXrYf Starting mini\xe2\x80\xa6',b'RT PLAY BOOMER GAMES WIN BOOMER PRIZES https://t.co/mP01lfjps3',"b""bruh you don't understand loyal oracle fans can't afford the prices chase sells so only ric https://t.co/D4APrWVDkc""","b'RT $200 2,9 JT 72 Hours \xf0\x9f\x92\x9c $100 \xf0\x9f\x91\x89 RT &amp Follow $100 Bonus \xf0\x9f\x91\x89 Join this Gleam at least 4 task (Post Proof\xe2\x80\xa6'",b'RT Embiid this season 33.1 PPG 10.2 RPG Scoring champion First 33/10 season since merger Top 10 in PPG RPG BPG \xe2\x80\x94\xe2\x80\xa6',b'RT if you could sit courtside at every NBA game but your team LOSE each time\xe2\x80\xa6 \xe2\x80\xa6how many games would you go to in a season?',b'RT #laceygames 7 year old me would definitely played the lacey games ngl \xe2\x9c\xa8 https://t.co/IO1X2ahKOk',b'RT 10-man Real Madrid lose 2-0 at Real Sociedad. If they drop points in their next game vs Getafe they will hand Barcelona\xe2\x80\xa6',b'_Kevin Lol we also shot 40 from the field which won\xe2\x80\x99t win many games in the nba',b'RT Remember you can donate robux to help support #thelastguestremake ! Please be sure to donate if you want to see this\xe2\x80\xa6',b'RT $TKING Too many recycled #memecoins with the same tickers Support projects that build _\xe2\x80\xa6'
b'RT the hunger games were literally THE biggest books in the world in the 10\xe2\x80\x99s suzanne collins could have easily milked t\xe2\x80\xa6',b'Most EA games feel the same if not similar since EA makes all the devs use the same engines Ubisof https://t.co/twSdNJIK3r',"b'RT $200 2,9 JT 72 Hours \xf0\x9f\x92\x9c $100 \xf0\x9f\x91\x89 RT &amp Follow $100 Bonus \xf0\x9f\x91\x89 Join this Gleam at least 4 task (Post Proof\xe2\x80\xa6'",b'RT Steph Curry in his last 4 PLAYOFF GAMES without Kevin Durant against LEBRON JAMES 0-4 record 24 PPG 2.5 AST 5 REB 38\xe2\x80\xa6',b'RT Frank Lampard has now lost 17 of his last 20 games as a manager He has only won one game out of those 20. #CFC Los\xe2\x80\xa6',b'#Resident #Evil 4 #Monsters #Guide Who to #Expect https://t.co/DLsaT3HtAA #game #massblog',b'RT he played 44 minutes of legitimately perfect basketball he got the right to be gassed maybe the best playoff games hes p\xe2\x80\xa6',b'RT JB Hi-Fi is one of the leading Australian companies that specialize in and sells consumer goods such as white goods cooking\xe2\x80\xa6',b'#Resident #Evil 4 #Remake #Items First Aid Treasures and More https://t.co/9UfGganDrM #aid #game #massblog #treasures',"b'RT $200 2,9 JT 72 Hours \xf0\x9f\x92\x9c $100 \xf0\x9f\x91\x89 RT &amp Follow $100 Bonus \xf0\x9f\x91\x89 Join this Gleam at least 4 task (Post Proof\xe2\x80\xa6'",b'Best #Android #Games For #Kids https://t.co/Xk9h4dKZIG',b'If i didnt know anything about video games And you were to tell me that TOTK and scarlet were on t https://t.co/zoL5CsJpGC'
b'RT Worst quality we have is lack of ruthlessness When games get too easy we just start messing about and get complacent le\xe2\x80\xa6',"b""_Bax You have already been killed you shouldn't be rewarded by spawning in wi https://t.co/2L4f1hZjaH""",b'I can never fanboy for one company Here are issues I have: Xbox has distant game releases that end up being pai https://t.co/G5lK9XMs34',b'RT Richard Barnett the January 6th rioter who put his feet on Nancy Pelosi\xe2\x80\x99s desk faces up to 46 years in prison after b\xe2\x80\xa6',"b""_Kenny30 Yes watch the games it's a lay up line to the basket.""",b'RT Phoenix Suns guard Chris Paul is expected to be re-evaluated in one week after MRI on his groin injury today sources te\xe2\x80\xa6',b'RT 1/6 She wanders the Megaverse and finds cool planets that are actually games She is one of the Gamer Girlz And gaming\xe2\x80\xa6',b'A little bit of cherry picking but it sounds good How about all their regular season games?',b'RT _VOOH Looking to Make Assured Money in Betting? Join the Top Providers for Sure Must Win Games VIA +254799997857 https://t.co/TIqcJC\xe2\x80\xa6',b'RT _face_goat Warriors adjustment next game is to limit Anthony Davis in the paint obviously they won\xe2\x80\x99t stop him IF AD keeps having\xe2\x80\xa6',b'RT Happy Guardian Games everyone This year my focus was on adding new tech to a bunch of the rewards we shipped such as this\xe2\x80\xa6',"b""That's not an idea how do you make hooks more valuable than kills Gens https://t.co/Q6Vv2pDVYJ"""
b'RT Worst quality we have is lack of ruthlessness When games get too easy we just start messing about and get complacent le\xe2\x80\xa6',"b""_Bax You have already been killed you shouldn't be rewarded by spawning in wi https://t.co/2L4f1hZjaH""",b'I can never fanboy for one company Here are issues I have: Xbox has distant game releases that end up being pai https://t.co/G5lK9XMs34',b'RT Richard Barnett the January 6th rioter who put his feet on Nancy Pelosi\xe2\x80\x99s desk faces up to 46 years in prison after b\xe2\x80\xa6',"b""_Kenny30 Yes watch the games it's a lay up line to the basket.""",b'RT Phoenix Suns guard Chris Paul is expected to be re-evaluated in one week after MRI on his groin injury today sources te\xe2\x80\xa6',b'RT 1/6 She wanders the Megaverse and finds cool planets that are actually games She is one of the Gamer Girlz And gaming\xe2\x80\xa6',b'A little bit of cherry picking but it sounds good How about all their regular season games?',b'RT _VOOH Looking to Make Assured Money in Betting? Join the Top Providers for Sure Must Win Games VIA +254799997857 https://t.co/TIqcJC\xe2\x80\xa6',b'RT _face_goat Warriors adjustment next game is to limit Anthony Davis in the paint obviously they won\xe2\x80\x99t stop him IF AD keeps having\xe2\x80\xa6',b'RT Happy Guardian Games everyone This year my focus was on adding new tech to a bunch of the rewards we shipped such as this\xe2\x80\xa6',"b""That's not an idea how do you make hooks more valuable than kills Gens https://t.co/Q6Vv2pDVYJ"""
"b""RT #Bitcoin threatens the powerful and they do everything they can to fight it or why isn't there a climate change tax on th\xe2\x80\xa6""",b'RT Their banking system is collapsing but the fiaters are focused on trying to tax #bitcoin mining',b'RT #Bitcoin RedK VADER Indicator \xf0\x9f\x94\xa5 As promised here is the indicator I shared with you yesterday It is the RedK VADER (Volu\xe2\x80\xa6',b'Quiz time Did you know Bhutan uses hydropower to mine Bitcoin with no carbon footprint? Want to be eco-friendly https://t.co/bQs2WNd4mb',b'RT If #Bitcoin goes to $35k before it falls to $16k or lower this year I will personally send $200 to everyone who retweets t\xe2\x80\xa6',b'RT The architecture of is radically different than the designs of traditional blockchains like Bitcoin and Ether\xe2\x80\xa6',b'RT Join Mario and Racer in \xe2\x80\xa6 \xe2\x80\x9cRio and Race Space \xe2\x80\x9c Let us take you through the weekly numbers #saitama #saitarealty #\xe2\x80\xa6',"b'RT Celebration list $SUI on #Binance $3,000,000 Airdrop First 9999 \xf0\x9f\x92\xa7 Follow &amp Retweet Pinned Drop $BNB (BEP20)\xe2\x80\xa6'",b'RT CALLING ALL MIAMI BITCOINERS \xf0\x9f\x8c\xb4 We\xe2\x80\x99re hitting the streets again today! Find us in Wynwood for a chance to win a FREE G\xe2\x80\xa6',b'RT \xf0\x9f\xa4\xa9Airdrop _art BUSD\xe2\x9a\xa1\xef\xb8\x8f \xf0\x9f\x92\xb0Reward pool 5000 BUSD \xf0\x9f\x93\xa3Complete Task 1500 BUSD for the top 100 referrers. Reward\xe2\x80\xa6',b'Prime Fields Text Manglers and Progress Report on Indra Comments https://t.co/yE7AerCgis Link #StackerNews is https://t.co/Ny0nMbqv1V',"b'RT _io The #Bitcoin giveaway is live! We are giving away 10,000 Monetha points (\xe2\x89\x8835,600 SATS to a random follower! 1 Like &amp Sh\xe2\x80\xa6'"
b'RT _fun The ARCADIANS RELOADED ALLOWLIST TOURNAMENT 2 is here! Play &amp compete for AL spots and USDC in 7 Arcadia games Tourney\xe2\x80\xa6',b'RT Looney is the first player with four 20-plus rebound games in a postseason since Dwight Howard in 2009.',b'RT @_DailyKira_ Some models of Kira Yoshikage in different games he appeared in \xf0\x9f\x92\xa3 https://t.co/jjQoV2PU1U',b'To be fair in this case its not even a matter of opinion currently you https://t.co/SgE9rHKUWb',b'_White And your left wing race card games is deplorable!!',"b""Your mess buddy you clean it up Don't play games with me either.""",b'RT Two teams now have their backs against the wall in the #BCHLPlayoffs after the games on Tuesday night Check out the hi\xe2\x80\xa6',"b'RT To all those writing ""aggression doesn\'t win you games"" That is correct But the chances are brighter when the aggressive one\xe2\x80\xa6'",b'RT Embiid this season 33.1 PPG 10.2 RPG Scoring champion First 33/10 season since merger Top 10 in PPG RPG BPG \xe2\x80\x94\xe2\x80\xa6',"b""RT Let's all support #KaoVoree at the Star Magic All Star Games guys \xf0\x9f\xab\xb6 and see u daw sa hot summer bikini ball tom \xe2\x9d\xa4\xef\xb8\x8f\xe2\x80\x8d ht\xe2\x80\xa6""",b'a slut for a man who plays games w me nd is funny',b'RT _College 2024 CFP Schedule: 1st Round: Fri Dec 20th 1 Game Sat Dec 21st 3 Games Quarterfinals: Tue Dec 31st Fiesta Bowl Wed\xe2\x80\xa6'
b'RT _fun The ARCADIANS RELOADED ALLOWLIST TOURNAMENT 2 is here! Play &amp compete for AL spots and USDC in 7 Arcadia games Tourney\xe2\x80\xa6',b'RT Looney is the first player with four 20-plus rebound games in a postseason since Dwight Howard in 2009.',b'RT @_DailyKira_ Some models of Kira Yoshikage in different games he appeared in \xf0\x9f\x92\xa3 https://t.co/jjQoV2PU1U',b'To be fair in this case its not even a matter of opinion currently you https://t.co/SgE9rHKUWb',b'_White And your left wing race card games is deplorable!!',"b""Your mess buddy you clean it up Don't play games with me either.""",b'RT Two teams now have their backs against the wall in the #BCHLPlayoffs after the games on Tuesday night Check out the hi\xe2\x80\xa6',"b'RT To all those writing ""aggression doesn\'t win you games"" That is correct But the chances are brighter when the aggressive one\xe2\x80\xa6'",b'RT Embiid this season 33.1 PPG 10.2 RPG Scoring champion First 33/10 season since merger Top 10 in PPG RPG BPG \xe2\x80\x94\xe2\x80\xa6',"b""RT Let's all support #KaoVoree at the Star Magic All Star Games guys \xf0\x9f\xab\xb6 and see u daw sa hot summer bikini ball tom \xe2\x9d\xa4\xef\xb8\x8f\xe2\x80\x8d ht\xe2\x80\xa6""",b'a slut for a man who plays games w me nd is funny',b'RT _College 2024 CFP Schedule: 1st Round: Fri Dec 20th 1 Game Sat Dec 21st 3 Games Quarterfinals: Tue Dec 31st Fiesta Bowl Wed\xe2\x80\xa6'
b'A pseudonymous crypto trader known as crypto tony on monday suggested that liquidity is flowing from bitcoin btc/us https://t.co/tdGC1sKrxv',b'Crypto News Amnesty nixes AI-generated images of Colombian protests after criticism https://t.co/qrEL19w712 ---- https://t.co/o0LFHpMYi1',"b""I just received 0.1 TC token for free from Trustless Computer's faucet. https://t.co/XU2G3GCp7G Get some free TC https://t.co/BXIDh8TsKV""",b'Bitcoin only.',"b'RT Celebration list $SUI on #Binance $3,000,000 Airdrop First 9999 \xf0\x9f\x92\xa7 Follow &amp Retweet Pinned Drop $BNB (BEP20)\xe2\x80\xa6'",b'RT The architecture of is radically different than the designs of traditional blockchains like Bitcoin and Ether\xe2\x80\xa6',b'RT pepe is older than bitcoin \xf0\x9f\xa7\xa0',"b'WhatsApp +357 25 123502 Account Management Minimum Equity $20,000 Advance Fees $2000 (Refundable After 1 Month) Dai https://t.co/KVeDnoKHCx'",b'RT Apple will send #Bitcoin to the moon! Then #LUNC to $0.1 \xf0\x9f\x9a\x80\xf0\x9f\x8c\x95 https://t.co/W54NyvdwNU',b'RT Jim Cramer says Bitcoin is going to $0',b'RT #Bitcoin path for the next months https://t.co/VElefVXuUT',b'RT Bitcoin transactions hit an all-time high on the same day that a major US bank collapsed That is some cosmic poetry rig\xe2\x80\xa6',"b'RT Celebration list $SUI on #Binance $3,000,000 Airdrop First 9999 \xf0\x9f\x92\xa7 Follow &amp Retweet Pinned Drop $BNB (BEP20)\xe2\x80\xa6'",b'RT Today we welcome George who is posing with his road hog (paid for with Bitcoin) He traded Canada for El Salvador so\xe2\x80\xa6',b'RT Notable news in the last 24 hours (May 2): 1\xef\xb8\x8f Bitcoin has experienced the 4th consecutive month of closing a green can\xe2\x80\xa6'

b'RT _Garrett Just released from formally setting May 11 for the date of cessation of emergency precautions and\xe2\x80\xa6',b'RT _Garrett Just released from formally setting May 11 for the date of cessation of emergency precautions and\xe2\x80\xa6',b'_Garrett My whole family was infected for the second time a month ago Second round was worse.',b'RT _Garrett Just released from formally setting May 11 for the date of cessation of emergency precautions and\xe2\x80\xa6',b'_Garrett How many other people heard about outbreaks of Covid after the most recent Eas https://t.co/Cv13upXW30',b'RT _Garrett Nature ? Has not received this notification. Not that Nature would abide by it\xe2\x80\xa6',b'RT _Garrett Just released from formally setting May 11 for the date of cessation of emergency precautions and\xe2\x80\xa6',b'RT _Garrett Just released from formally setting May 11 for the date of cessation of emergency precautions and\xe2\x80\xa6',b'_Garrett Life has to move on Lisa sorry \xf0\x9f\x99\x82',b'_Garrett Herd immunity &amp;....adios to the vulnerable ones.',b'_Garrett Total failure to protect the most vulnerable among us Shame Shame Shame.',b'RT _Garrett Just released from formally setting May 11 for the date of cessation of emergency precautions and\xe2\x80\xa6'
b'RT _Garrett Just released from formally setting May 11 for the date of cessation of emergency precautions and\xe2\x80\xa6',b'RT _Garrett Just released from formally setting May 11 for the date of cessation of emergency precautions and\xe2\x80\xa6',b'_Garrett My whole family was infected for the second time a month ago Second round was worse.',b'RT _Garrett Just released from formally setting May 11 for the date of cessation of emergency precautions and\xe2\x80\xa6',b'_Garrett How many other people heard about outbreaks of Covid after the most recent Eas https://t.co/Cv13upXW30',b'RT _Garrett Nature ? Has not received this notification. Not that Nature would abide by it\xe2\x80\xa6',b'RT _Garrett Just released from formally setting May 11 for the date of cessation of emergency precautions and\xe2\x80\xa6',b'RT _Garrett Just released from formally setting May 11 for the date of cessation of emergency precautions and\xe2\x80\xa6',b'_Garrett Life has to move on Lisa sorry \xf0\x9f\x99\x82',b'_Garrett Herd immunity &amp;....adios to the vulnerable ones.',b'_Garrett Total failure to protect the most vulnerable among us Shame Shame Shame.',b'RT _Garrett Just released from formally setting May 11 for the date of cessation of emergency precautions and\xe2\x80\xa6'
b'RT _man More and more I really really regret all the time I wasted playing video games growing up Could have talked with my fam\xe2\x80\xa6',b'RT #IAmMuradSaeed Beach i don\xe2\x80\x99t want Pakistani soil and Pakistanis blood to be used for bloody games',"b""RT _24 That time Klaus Schwab's prot\xc3\xa9g\xc3\xa9 Yuval Noah Harari outlined the dystopian vision they have for our future\xe2\x80\x94where bodie\xe2\x80\xa6""",b'RT well he is the nba ambassador idk kinda in his job description to go nba games idk\xe2\x80\xa6',b'RT for my friend I have 0 knowledge of this games lore or how things work!!!!!! #projectmoon #lobotomycorporation https:/\xe2\x80\xa6',b'RT _fun The ARCADIANS RELOADED ALLOWLIST TOURNAMENT 2 is here! Play &amp compete for AL spots and USDC in 7 Arcadia games Tourney\xe2\x80\xa6',b'RT 5 STRAIGHT WINS JULIO UR\xc3\x8dAS SHOVED BACK-TO-BACK GAMES WITH 13 RUNS THE DODGERS ARE HOTTTTT https://t.co/WIGNunC3vj',b'RT Barcelona are one clean sheet away from matching a La Liga record: \xe2\x96\xaa 32 games \xe2\x96\xaa 24 clean sheets \xe2\x96\xaa 75 clean sheet recor\xe2\x80\xa6',b'RT #IAmMuradSaeed Beach i don\xe2\x80\x99t want Pakistani soil and Pakistanis blood to be used for bloody games',b'RT If the Premier League season began on 29 October Chelsea would be in the relegation zone. 16th West Ham (21 games 20 p\xe2\x80\xa6',b'_redarmy99 We got tough games they got easy ones they could easily win every game',b'Thanks chairman...... i have two more games to play its up to me to do more than what i did on heathens game\xf0\x9f\xa4\x94'
b'RT op told cheol that wonwoo will be doing a gaming live and cheol said wonwoo probably will play Lol (league of legends) cheo\xe2\x80\xa6',b'RT \xe2\x80\xbc NEW VIDEO \xe2\x80\xbc\xef\xb8\x8f I forgot how to play video games so I watch TV instead. VIDEO LINK IN REPLIES https://t.co/L3V4qwJlKS',b'Melbourne and Adelaide are just as cold Have all AFL games in Brisbane and the Gold Coast from now on!',b'RT #IAmMuradSaeed Beach i don\xe2\x80\x99t want Pakistani soil and Pakistanis blood to be used for bloody games',"b'RT Want to win a share of $100,000 Consider this your final warning \xf0\x9f\x98\xa4 Boost your chances of winning prizes such as a new P\xe2\x80\xa6'",b'RT You know one thing I find invaluable about Nintendo Switch It\xe2\x80\x99s taught me how to have fun with games again. Not that I\xe2\x80\xa6',"b'RT Sam Allardyce will receive a base salary of \xc2\xa3500,000 and a bonus of \xc2\xa32.5m if he keeps Leeds United in the Premier Le\xe2\x80\xa6'",b'RT 0 goals in 14 games https://t.co/1xR5G3h9Hg',b'RT Why does the MET Gala feel more and more like a capitol party in the hunger games I see no difference https://t.co/oGHVx\xe2\x80\xa6',"b""RT Frank Lampard's last 2\xef\xb8\x8f\xe2\x83\xa30\xef\xb8\x8f games as a manager: Lost 2-1 \xe2\x9d\x8c Lost 2-0 \xe2\x9d\x8c Lost 1-0 \xe2\x9d\x8c Lost 2-0 \xe2\x9d\x8c Lost 2-1 \xe2\x9d\x8c Lost 3-1 \xe2\x9d\x8c Lost 4\xe2\x80\xa6""",b'The Titan had stopped in his tracks looking around it was the middle of the guardian games so he was easier to spot https://t.co/RAuKPXJZKq',b'RT Dude genius idea for Salmon Run scale reward right here Grizzco weapon replicas for multiplayer. Make them reskinned ki\xe2\x80\xa6'
"b'RT _Daily ""Do you have games in your phone? https://t.co/HYFPEgei10'","b""RT I know gambling is gambling but I personally don't advice you guys to play these games \xf0\x9f\xa4\x9e DON'T BE FOOLED Here you can lo\xe2\x80\xa6""","b""RT AI Generated Players are the future of fighting games. Don't believe me The battle below was 100 computer generated This\xe2\x80\xa6""",b'RT the hunger games were literally THE biggest books in the world in the 10\xe2\x80\x99s suzanne collins could have easily milked t\xe2\x80\xa6',b'We aint playing games this time #FlySafair https://t.co/7XBHpaH3BO',b'_games Sprawlopolis is a neat little puzzle and it baffles me how much game fits into that little amount o https://t.co/uXhhZXJeho',"b""'Video games were f***ing dumb back then Now THIS is podracing.. https://t.co/9rBdTw7cqs""",b'RT Paris Saint-Germain confirm to AFP they are set to \xe2\x80\x9cdiscipline football star Lionel Messi over his trip to Saudi Arabia\xe2\x80\xa6',b'Why do #NBA teams need 3 days off between games in the playoffs\xe2\x80\xa6. so dumb',b'#Games are ranked by their #evolution in the lasts 24 hours \xf0\x9f\x93\x88\xf0\x9f\x8f\x86 #ProgrammerCommunity #twitchstreaming https://t.co/qb0oHtwvDk',b'6 of those came in the first two games 6-36 since',b'Links of the #games in the #leaderboard #today \xf0\x9f\x8f\x86\xf0\x9f\x8e\xae Hentai Waifu \xe2\x9e\xa1 https://t.co/L3DQJG02vY \xf0\x9f\x9b\x92 Call of Duty\xc2\xae Modern https://t.co/ZxowKkBCB7'
b'RT 6/6 vs Spurs 6/6 vs Chelsea 4/6 vs Liverpool 3/6 vs United 0/6 vs City Considering how poor we used to be in top 4/top\xe2\x80\xa6',b'Nate Sudfeld used to go to the games with Kittle as well lol',"b""RT Kevon Looney is the first player with four 20-REB games in a postseason since Dwight Howard (2009) It's been just 8 ga\xe2\x80\xa6""","b'RT Indian Army organised a #Chess competition for students of Middle School Padhyarna,#Kishtwar,intending to promote inte\xe2\x80\xa6'",b'ViA embracing the Robot Destroy Program #games #\xe3\x83\xb4\xe3\x82\xa3 #ViA #\xe3\x83\xad\xe3\x83\x83\xe3\x82\xaf\xe3\x83\x9e\xe3\x83\xb3XDiVE #MegaManXDiVE #RockmanXDiVE #MegaMan https://t.co/ynq2OoxJNd',b'From U9s pay to play to the PL attitudes towards keepers is always the game Keepers a https://t.co/rLVgLYxupm',b'RT Chelsea lose six games in a row for the first time since 1993 https://t.co/BgNt4n68vE',b'RT 10-man Real Madrid lose 2-0 at Real Sociedad. If they drop points in their next game vs Getafe they will hand Barcelona\xe2\x80\xa6',b'Am a Ghanaian and I have been following you for a while my brother you are doing well on that draw gam https://t.co/0sLeg2oImV',b'20 years ago: Thanks to a hat-trick from James Thomas and a goal from the late Lenny Johnrose the Swans survived https://t.co/dnCHgfReb1',b'Did you know \xf0\x9f\xa4\x94 In traditional #games transactions rely on intermediaries like #banks but in #blockchain games t https://t.co/zQWkrXkVLM',"b""Let's see how well you know #fantasyTown architecture \xf0\x9f\x91\x80 Which building is hiding in the silhouette \xf0\x9f\x98\x81 Play Now: https://t.co/g179e7Tv8d"""
b'RT The architecture of is radically different than the designs of traditional blockchains like Bitcoin and Ether\xe2\x80\xa6',b'_Africa Use the amount you can afford join now and get profit from Bitcoin investment through _O_FX Bitcoin https://t.co/xc9iYIfsEg',b'Went to the bank for a quick currency exchange haaaaa #Bitcoin solves this https://t.co/4Z1dM0xpdF',b'#Bitcoin drifts around $28k ahead of FOMC Meeting. https://t.co/QaiRzzY0Rv',"b'RT JUST IN \xf0\x9f\x87\xba US Presidential candidate Robert Kennedy Jr says there ""is a misunderstanding from critics who claim #Bi\xe2\x80\xa6'",b'RT AI DogeX Airdrop \xf0\x9f\x92\xa7 Task 15.75 Billion AIDOGEX for 1000 random participants each. \xf0\x9f\x91\xa8\xe2\x80\x8d\xf0\x9f\x91\xa9\xe2\x80\x8d Referral 5\xe2\x80\xa6',b'RT Judgment and time preference https://t.co/R62nEv26lj',b'Use the amoun https://t.co/0OPYdydx3C',b'RT The next #Bitcoin halving is now officially less than 1 year away \xf0\x9f\x9a\x80 Time is running out Guys #Crypto is the road to\xe2\x80\xa6',b'The traditional banking system which has been in place for centuries is now facing stiff competition from decentr https://t.co/ou8VCmbk5g',b'RT #BitMart is thrilled to announce the exclusive primary listing of Bitcoin Hunter Trading pair $BT\xe2\x80\xa6',b'Use the amount you can afford join now and get profit from Bitcoin investment through _O_FX Bi https://t.co/E2OS2hy28j'
b'RT Pepe Original Airdrop \xf0\x9f\x92\xa7 Task 900 Million POV for 2000 random participants each. \xf0\x9f\x91\xa8\xe2\x80\x8d\xf0\x9f\x91\xa9\xe2\x80\x8d Referral 200 Billion P\xe2\x80\xa6',b'RT The architecture of is radically different than the designs of traditional blockchains like Bitcoin and Ether\xe2\x80\xa6',b'RT April was another massive month for https://t.co/H6z5iTXy68 &amp Fresh https://t.co/H6z5iTXy68 app look -\xe2\x80\xa6',b'RT Michael Saylor on #Bitcoin \xe2\x80\x9cWe\xe2\x80\x99re LONG TERM HODLers. https://t.co/0uHlHLVC44',b'BTCUSDT [5m] 50/100 EMA Cross Up $BTC #BTC #Bitcoin https://t.co/zwaROoB8L3',b'BTCUSDT [5m] RSI Overbought $BTC #BTC #Bitcoin https://t.co/CAKTDEDWag',"b'RT Celebration list $SUI on #Binance $3,000,000 Airdrop First 9999 \xf0\x9f\x92\xa7 Follow &amp Retweet Pinned Drop $BNB (BEP20)\xe2\x80\xa6'","b'RT _gabbar #CoinGabbar Poll ""Will #Bitcoin reach the $25,000 or $30,000 milestone before the FED\'s upcoming outcomes?"" $BTC #Crypto\xe2\x80\xa6'",b'RT We posted $PEPE 2.0 at 40K and it reached ATH 400K Solid 10X for #pepe2 holders https://t.co/vLO7UzEjEQ #bitcoin #crypto #\xe2\x80\xa6',b'RT Pepe Coin Chain Airdrop \xf0\x9f\x92\xa7 Task 4 BUSD for 500 random participants each. \xf0\x9f\x91\xa8\xe2\x80\x8d\xf0\x9f\x91\xa9\xe2\x80\x8d Referral 1000 BUS\xe2\x80\xa6',b'#Bitcoin vs #Santander 5 yrs... #BTC fix this ... #Paribus $PBX #DeFi #Crypto https://t.co/4m7xOfphow',b'RT Red flags in a man Vegan Feminist Blue hair Small dog Pronouns Vaccinated Hates Andrew Tate Wears Apple Watch D\xe2\x80\xa6'
b'RT Founder of $JUGS Bitcoin Baddiez says Dev had full control of the wallet and rugged Dev says they were hacked Hacker to Z\xe2\x80\xa6',"b""Don't miss the boat on the next big thing in #crypto Alpha Trade's expertise and in-depth analysis of seconds-old https://t.co/gJmZRAOxvR""",b'RT I did the math Prepare accordingly #Bitcoin https://t.co/HIdFwRH1uR',b'RT WOW That\xe2\x80\x99s actually good Show you kids some educational #Bitcoin content Better than anything they could ever watch:\xe2\x80\xa6',"b'RT Ordinals continue to rise with over 372,000 Inscriptions created (and over $650,000 in network fees logged just one day\xe2\x80\xa6'",b'First Mover Asia #Bitcoin\xe2\x80\x99s Kimchi Premium Has Narrowed but the Korean Market Is Proving Resilient',"b'RT __Dev $2,000,000 $USDT Giveaway For 5000 Participants \xf0\x9f\x94\xb8Follow Retweet &amp Like \xf0\x9f\x94\xb8Drop $USDT (BEP20 address #SuiNetwork #Airdr\xe2\x80\xa6'",b'RT Pepe Original Airdrop \xf0\x9f\x92\xa7 Task 900 Million POV for 2000 random participants each. \xf0\x9f\x91\xa8\xe2\x80\x8d\xf0\x9f\x91\xa9\xe2\x80\x8d Referral 200 Billion P\xe2\x80\xa6',b'Be your own bank #Bitcoin https://t.co/travY6eb26',b'RT Founder of $JUGS Bitcoin Baddiez says Dev had full control of the wallet and rugged Dev says they were hacked Hacker to Z\xe2\x80\xa6',"b'RT _gabbar #CoinGabbar Poll ""Will #Bitcoin reach the $25,000 or $30,000 milestone before the FED\'s upcoming outcomes?"" $BTC #Crypto\xe2\x80\xa6'",b'RT This is the use case of #bitcoin https://t.co/5jWR3Habkz'
"b""Bethesda it's an Xbox Games studios studio""","b""RT Papa Messi will NOT be PAID during his two-week suspension and will miss PSG's games against Troyes and Ajaccio https:/\xe2\x80\xa6""",b'RT Hoping we can use our 200 games in hand to catch boro',b'RT Our influencer relations team is growing so come join us and work on some exciting Square Enix games with some amazing cre\xe2\x80\xa6',b'Top of the league by the way with 4 games to go \xf0\x9f\x94\xb4\xe2\x9a\xaa\xef\xb8\x8f',b'Looking at the Devs response to this games release it looks li https://t.co/vh5M0A5v1m',b'RT _akampurira Build your social capital by participating in the Corporate Games. 14th May 2023 Makerere Rugby Grounds Regis\xe2\x80\xa6',b'The day utd do it full time is the day I stop attending man utd women games',"b""Quizlet except now that has made the best bits only available on subscription it' https://t.co/4pCkVUkrLK""",b'RT Have Hogwarts Legacy Developers Already Started A New Game? https://t.co/TuXarAoru9',b'RT The only channel twitter guys are hiding\xf0\x9f\x98\x82 Too much boom Join if its not full\xf0\x9f\xa4\x9d https://t.co/pDnEU1Mw6S ALL GAMES ARE\xe2\x80\xa6',"b""There's no game in the industry (yet that compares to HFW You can't prove me wrong so don't try. Comparing HFW t https://t.co/eraH1pIGzw""",b'RT _aubry Baby Boomers Back when I was a kid we played outside all day went all over town and into the woods no pro\xe2\x80\xa6',b'RT The only channel twitter guys are hiding\xf0\x9f\x98\x82 Too much boom Join if its not full\xf0\x9f\xa4\x9d https://t.co/pDnEU1Mw6S ALL GAMES ARE\xe2\x80\xa6',b'Lost 2 of his 6 Premier League games this season before he was sacked so was hardly going terribly.'
"b'RT Ordinals just hit an ATH of 28.4 BTC ($810,277 paid in fees to miners in a single day. Every inscription and BRC-20 mint\xe2\x80\xa6'",b'RT URGENT Expecting high volatility in #Bitcoin and #Crypto tomorrow due to the #FOMC Meeting https://t.co/eDS4JHVJO3',b'RT Red flags in a man Vegan Feminist Blue hair Small dog Pronouns Vaccinated Hates Andrew Tate Wears Apple Watch D\xe2\x80\xa6',b'RT Best January since 2013 5 things to know in #Bitcoin this week https://t.co/wcCuHOEExo',b'RT The architecture of is radically different than the designs of traditional blockchains like Bitcoin and Ether\xe2\x80\xa6',b'RT _crypto_prof #Bitcoin This is a 3-day chart candle closes tomorrow so the scenario I shared a few days ago is still vaild. As I\xe2\x80\xa6',b'RT The architecture of is radically different than the designs of traditional blockchains like Bitcoin and Ether\xe2\x80\xa6',b'RT \xe2\x80\x9cBitcoin &amp the Beast is all about sound money &amp features the mysterious inventor of Bitcoin Satoshi Nakamoto. This\xe2\x80\xa6',b'Trade #BTC +3 #OTC #Bitcoin #Dubai #AbuDhabi #Shanghai #Beijing #CapeTown #Accra #Nairobi #Johannesburg #crypto #trading',b'_btc how can I receive #Bitcoin with no internet connection?',b'#FINDTHESHIBX 4 players are currently level 16 (the last puzzle and fighting to find the #Bitcoin Will you https://t.co/xR8Ahr9nYg',b'RT We are building the decentralised infrastructure with Bitcoin finality Let\xe2\x80\x99s make DeFi truly decentralised #Vel\xe2\x80\xa6'
"b""RT _Official #Bitcoin and #Ethereum prices surge as East Asia's business day begins with the cryptocurrency market reacting to ongoi\xe2\x80\xa6""",b'\xe2\x9c\xa8AVAX PREDICTION INDICATOR\xe2\x9c\xa8 Click on the link below to check the Indicator for real-time and other cryptocurrencies https://t.co/dmM1gXHOtL',b'RT Drop you #Bitcoin address below and make sure you are following me Don\xe2\x80\x99t ask why \xf0\x9f\x91\x87\xf0\x9f\x8f\xbc',b'RT Bitcoin Pioneer Investor Willing to Sell Cardano for $Shib https://t.co/n25AiCKTau',"b""RT Memecoin madness just got a new playground! Late to the $PEPE party No worries Bitcoin's BRC-20 tokens are where the de\xe2\x80\xa6""",b'BTCUSDT [5m] MACD Cross Down $BTC #BTC #Bitcoin https://t.co/tIdRMD2zL0',b'RT Bitcoin mining is zero-emissions https://t.co/sa7JaIiYrA',b'RT #Bitcoin adoption is being driven by the progressive global loss of confidence in fiat currencies conventional banking and co\xe2\x80\xa6',b'RT _Cavaleri Bitcoin is not about one person or group of influencers May the ego purges come quick and strong It\xe2\x80\x99s time to lead a\xe2\x80\xa6',b'NEWS! https://t.co/zKpQJ705ey #crypto #bitcoin #cryptocurrency #btc #ethereum #blockchain #eth #currency #xrp https://t.co/62x1trCEjc',b'RT Pepe Original Airdrop \xf0\x9f\x92\xa7 Task 900 Million POV for 2000 random participants each. \xf0\x9f\x91\xa8\xe2\x80\x8d\xf0\x9f\x91\xa9\xe2\x80\x8d Referral 200 Billion P\xe2\x80\xa6',b'RT Green technology pioneer #EOS is paving the way for sustainable #blockchains. Did you know that EOS is not only one of th\xe2\x80\xa6'
b'RT Exciting news for the #Bitcoin #LightningNetwork has raised $4M in seed funding led by aimin\xe2\x80\xa6',b'RT _fahrer If you own #Bitcoin then at Apollo we are working for you. Our mission is to support and accelerate #Bitcoin adoption\xe2\x80\xa6',"b""Then it's worth diving into Hathor $HTR It can be merge-mined with Bitcoin for no additional cost.""","b""TMS Network's (TMSN Unstoppable 2500 Growth in Presale Phase Sends OP and USDC Packing https://t.co/1kAAnoAJ0Z https://t.co/HLIQcdbW6C""","b""Let's invest doge ceo #DogeCeo #meme #pepe #Dogecoin #BTC #Bitcoin https://t.co/l9qX042ygf""",b'RT Next 100x GEM \xf0\x9f\x94\xa5 CMC+CEX Listing soon BUY &amp HODL! Missed Pepe Dont worry Bitcoin Pepe is here Teleg\xe2\x80\xa6',"b""Haters will say it's photoshop.. $BTC #Bitcoin https://t.co/eiKtjCW4L9""","b""Inbox me if you still want your Account Back!!! I'm available 24/7 for all Hacking Services #Hack #coinbase https://t.co/EX1CI01mFD""",b'RT _bitlord7 My $PEPE brothers and sisters do you believe in yourself Because we have the power to flip $DOGE and $SHIB We h\xe2\x80\xa6',"b""RT I'd love to know how so many believe #Bitcoin will reach $100k or even $50k this year when volume looks like this A\xe2\x80\xa6""",b'RT STOCKS ARE DUMPING WHILE \xe2\x80\xbc\xef\xb8\x8f BITCOIN AND GOLD ARE PUMPING \xf0\x9f\x9a\x80 BITCOIN IS BECOMING DIGITAL GOLD https://t.co/F3btC4Lqsx',b'RT Next 100x GEM \xf0\x9f\x94\xa5 CMC+CEX Listing soon BUY &amp HODL! Missed Pepe Dont worry Bitcoin Pepe is here Teleg\xe2\x80\xa6'
b'RT \xf0\x9f\x92\xa5BREAKING #Bitcoin Hash Rate Hits a new ATH https://t.co/MHS1KCNVNX',b'NOTIZIE CRYPTO da https://t.co/F252vGn1K9 #crypto #bitcoin #cryptocurrency #blockchain #btc #ethereum #trading https://t.co/JG3sWB7jG1',b'RT _daily $BRISE is Now Supported on _io\xf0\x9f\x8f\x86 #NOWPayments - the easiest way to accept #Bitcoin and #altcoin\xe2\x80\xa6',b'RT __2__Peer NEW #Bitcoin is going to be a useful tool to discipline governments Ex Central Banker https://t.co/dytz2ICN8I',b'Breaking crypto News: Cosmos-Based Defi Protocol Nolus Raises 2.5M to Build the First Cross-Chain Defi Lease https://t.co/5uiGs3kvZD',b'RT Upskill with in-demand Blockchain skills &amp tools in the #1 Bootcamp without quitting jobs. Professional Certificate Pro\xe2\x80\xa6',b'RT The silent revolution #Bitcoin https://t.co/zipwgjkTzt',b'RT We are building the decentralised infrastructure with Bitcoin finality Let\xe2\x80\x99s make DeFi truly decentralised #Vel\xe2\x80\xa6',b'RT CORKS &amp CRYPTO LIVE EP.9 VULCAN BLOCKCHAIN BITCOIN OOXY #vulcanblockchain #ooxy #safuugo #sgo https://t.co/qUOQj93l\xe2\x80\xa6',"b""Top crypto tokens are recovering ahead of the US Federal Reserve's monetary policy Bitcoin (BTC reclaimed $28k E https://t.co/ucZ61DEvlI""",b'RT _ The increase in remittances in El Salvador is good news Thanks to #Bitcoin there is now a new way to send and rec\xe2\x80\xa6',b'RT Michael Saylor on #Bitcoin \xe2\x80\x9cWe\xe2\x80\x99re LONG TERM HODLers. https://t.co/0uHlHLVC44'
b'RT YOUR CRYPTO BUDDY IS FINALLY HERE! Send USDT straight to your bank account and access #Web3 assets and platforms right fro\xe2\x80\xa6',b'RT YOUR CRYPTO BUDDY IS FINALLY HERE! Send USDT straight to your bank account and access #Web3 assets and platforms right fro\xe2\x80\xa6',b'RT YOUR CRYPTO BUDDY IS FINALLY HERE! Send USDT straight to your bank account and access #Web3 assets and platforms right fro\xe2\x80\xa6',b'RT YOUR CRYPTO BUDDY IS FINALLY HERE! Send USDT straight to your bank account and access #Web3 assets and platforms right fro\xe2\x80\xa6',b'RT YOUR CRYPTO BUDDY IS FINALLY HERE! Send USDT straight to your bank account and access #Web3 assets and platforms right fro\xe2\x80\xa6',b'RT YOUR CRYPTO BUDDY IS FINALLY HERE! Send USDT straight to your bank account and access #Web3 assets and platforms right fro\xe2\x80\xa6',b'RT YOUR CRYPTO BUDDY IS FINALLY HERE! Send USDT straight to your bank account and access #Web3 assets and platforms right fro\xe2\x80\xa6',b'RT YOUR CRYPTO BUDDY IS FINALLY HERE! Send USDT straight to your bank account and access #Web3 assets and platforms right fro\xe2\x80\xa6',b'RT YOUR CRYPTO BUDDY IS FINALLY HERE! Send USDT straight to your bank account and access #Web3 assets and platforms right fro\xe2\x80\xa6',b'RT YOUR CRYPTO BUDDY IS FINALLY HERE! Send USDT straight to your bank account and access #Web3 assets and platforms right fro\xe2\x80\xa6',b'RT YOUR CRYPTO BUDDY IS FINALLY HERE! Send USDT straight to your bank account and access #Web3 assets and platforms right fro\xe2\x80\xa6',b'RT YOUR CRYPTO BUDDY IS FINALLY HERE! Send USDT straight to your bank account and access #Web3 assets and platforms right fro\xe2\x80\xa6'
b'RT 6 Jose Riveiro has won six consecutive #dstvprem games and will today be looking to become the first coach to win seven lea\xe2\x80\xa6',b'do you post games here?\xc2\xbf',b'RT Leaving #anitwt and joining #notweirdsideofanitwt I\xe2\x80\x99m 23 and like DragonBall Naruto Bleach Vinland Saga Death Note\xe2\x80\xa6',b'RT Shai Gilgeous-Alexander finished #5 in NBA MVP voting. OKC\xe2\x80\x99s 24 year old franchise player had a Top 5 season in the lea\xe2\x80\xa6',"b""Game is ugly on every platform It looks like from x360 era so I don't understand poor graphics quali https://t.co/2W4OmLuspt""","b""31 defeats in 41 games. At some point you have to realise football management isn't for you.""",b'RT BREAKING Chris Paul will miss Games 3 4 and 5 with a groin injury https://t.co/HJzfxpMON4',"b""_Americ https://t.co/QTv42BnwLH I'm guessing you want to play s https://t.co/oAaVmylB7o""",b'RT Wolves 1-0 Chelsea Real Madrid 2-0 Chelsea Chelsea 1-2 Brighton Chelsea 0-2 Real Madrid Chelsea 0-2 Brentford Arsenal 3-1 Ch\xe2\x80\xa6',b'RT Chelsea lose 6 consecutive games in all competitions for the first time since 1993. Freefall https://t.co/w7trS8Xd5j',b'RT 20/23 RAPPORT \xc2\xab TUNA WAR GAMES \xe2\xac\x87 https://t.co/9KHKGJ7Mux https://t.co/P6u0cKoWQ0',b'RT welcome to guardian games \xf0\x9f\x94\xb4\xf0\x9f\x9f\xa1 #Destiny2 #Destiny2Art #AOTW https://t.co/xMKcgj8G0p',b'RT \xe2\x80\xbc NEW VIDEO \xe2\x80\xbc\xef\xb8\x8f I forgot how to play video games so I watch TV instead. VIDEO LINK IN REPLIES https://t.co/L3V4qwJlKS',b'RT the hunger games were literally THE biggest books in the world in the 10\xe2\x80\x99s suzanne collins could have easily milked t\xe2\x80\xa6',b'RT Me if I prioritized grocery shopping and meal prepping over sports video games and getting high https://t.co/wCDZ5eavZ3'
b'RT Founder of $JUGS Bitcoin Baddiez says Dev had full control of the wallet and rugged Dev says they were hacked Hacker to Z\xe2\x80\xa6',b'RT #Coinbase is launching an international exchange for institutional users based outside the US enabling them to trade pe\xe2\x80\xa6',b'RT \xe2\x80\x9cMuch of it is from the usual suspects such as the crypto cult people for whom Bitcoin is the answer regardless of the\xe2\x80\xa6',b'RT This is the most important #Bitcoin Resistance to break \xf0\x9f\x94\xa5 https://t.co/Fv8gSmLS8Y',"b""Outstanding coding resourceful results-driven number one artificial intelligence it's #OXRO. Telegram: https://t.co/e5CDBNgVLe""",b'RT Luxoshi New $ARB Airdrop competitor A new Airdrop has been confirmed by https://t.co/mMB9LHT1tA Air Dropping\xe2\x80\xa6',b'BTC ETH &amp BNB Morning Check &amp Crypto Ranking Scalper Lady IG #crypto #bitcoin #cryptocurrency https://t.co/EuNLZBp8Lf',b'RT GM TO EVERYONE PAYING FEES ON BITCOIN NETWORK',b'#Ethereum #btc #Bitcoin Can be mesmerizing sometimes https://t.co/iY1bn6rdz8',b'Blockchain download extremely slow at 200 blocks per hour Visit https://t.co/775GHyTRNW for the solution. https://t.co/e4cPjpYM7A',b'#Bitcoin green low risk red high risk https://t.co/jDH00vQnkb',b'RT Introducing the LIVE Rabbit Hole Recap Fireside Chat at #Bitcoin 2023 \xf0\x9f\x92\xa5 Join hosts Matt Odell and Marty Bent at the O\xe2\x80\xa6'
b'RT _Fadnavis LIVE Media interaction in #Wardha https://t.co/3SaJb6nyd4',"b""RT There's a limit to BJP's thuggery It's time for change The promises of Congress are for the betterment of the people\xe2\x80\xa6""",b'RT BJP MLA and BJP leaders in KR Pete tried to bribe voters by giving them Sarees and other items The villagers went and th\xe2\x80\xa6',b'RT Teach BJP a lesson Vote against Price Rise Vote against Unemployment Vote against Hate Karnataka go Vote for Progress go\xe2\x80\xa6',b'Vote For BJP #KarnatakaVotesForBJP https://t.co/Bn1rLywbBW',"b""RT _Surya People of Govindrajnagar are turning up in large numbers to vote for development! Confident that 's Shri\xe2\x80\xa6""",b'RT BJP MLA and BJP leaders in KR Pete tried to bribe voters by giving them Sarees and other items The villagers went and th\xe2\x80\xa6',b'RT Police officials catch supporters of MLA Harish Poonja red-handed with cash allegedly meant to bribe voter\xe2\x80\xa6',"b""RT _Surya People of Govindrajnagar are turning up in large numbers to vote for development! Confident that 's Shri\xe2\x80\xa6""",b'RT _ In Karnataka exit polls tonight Whose photo will media show in front of BJP score? Modi or JP Nadda? Depends on the re\xe2\x80\xa6',b'RT Time for #Karnataka to get rid of #BJP https://t.co/P0a7YZxyTu',b'RT When congress workers caught BJP agent distributing money for Chikpet BJP candidate ! BJP has already lost the elect\xe2\x80\xa6',b'Vote against BJP',b'BJP MLA and BJP leaders in KR Pete tried to bribe voters by giving them Sarees and other items #CongressWinning150 https://t.co/QHF7NVTK6k',b'RT _Koshy #Congress is doing exceedingly well in coastal Karnataka Mangalore region is voting vehemently voting AGAINST #BJP #Congr\xe2\x80\xa6',b'RT After interacting with hundreds of people across Karnataka I can confidently say Karnataka will vote against Modi more th\xe2\x80\xa6',b'are u saying you voted for BJP',b'RT He will come and vote for BJP to spoil the country and return back to Canada to live a better l\xe2\x80\xa6',b'Warm welcome to PM in Karnataka where PM SVANidhi sanctioned \xe2\x82\xb9270 crores loans to 2.2 lakh street v https://t.co/9xS6oGeG2L',b'RT BJP leader tried to bribe Karnataka\xe2\x80\x99s women by giving saree but they returned it by saying that they don\xe2\x80\x99t want \xe2\x80\x98bhiksha\xe2\x80\x99\xe2\x80\xa6',"b'RT _in \xe2\x80\x9cState forces seem to be openly aiding the rioters, said BJP MLA Paolienlal Haokip. Karan Thapar https://t.co/Vi5uS6GFds'",b'RT Teach BJP a lesson Vote against Price Rise Vote against Unemployment Vote against Hate Karnataka go Vote for Progress go\xe2\x80\xa6',b'RT Time for #Karnataka to get rid of #BJP https://t.co/P0a7YZxyTu',b'RT BJP leader tried to bribe Karnataka\xe2\x80\x99s women by giving saree but they returned it by saying that they don\xe2\x80\x99t want \xe2\x80\x98bhiksha\xe2\x80\x99\xe2\x80\xa6',b'RT This is what happening with BJP leaders in Uttar Pradesh. Public is thrashing them brutally because they are not doing any\xe2\x80\xa6',"b""BJP is not in power in 18 states True Hindus don't only live in BJP ruled states This is lack of educa https://t.co/OTFoojojaW""","b'RT \xe0\xa4\xb8\xe0\xa4\xb0\xe0\xa5\x8d \xe0\xa4\x9c \xe0\xa4\xb9\xe0\xa4\xbf\xe0\xa4\xa4\xe0\xa4\xbe\xe0\xa4\xaf \xe0\xa4\xb8\xe0\xa4\xb0\xe0\xa5\x8d \xe0\xa4\x9c \xe0\xa4\xb8\xe0\xa5\x81\xe0\xa4\x96\xe0\xa4\xbe\xe0\xa4\xaf is what Hindus pray for in every Puja or at every religious place mandir they go. While,Ha\xe2\x80\xa6'","b""Since the people's support goes to the BJP no one else is useful except them. #KarnatakaVotesForBJP""",b'RT BJP MLA and BJP leaders in KR Pete tried to bribe voters by giving them Sarees and other items The villagers went and th\xe2\x80\xa6',b'RT BJP MLA and BJP leaders in KR Pete tried to bribe voters by giving them Sarees and other items The villagers went and th\xe2\x80\xa6',b'RT BJP MLA and BJP leaders in KR Pete tried to bribe voters by giving them Sarees and other items The villagers went and th\xe2\x80\xa6',b'RT Vote for BJP https://t.co/liqLE12CCT',"b""RT It's the time to welcome the BJP in Karnataka,this is a big moment and will give them a big boost.#KarnatakaVotesForBJP\xe2\x80\xa6""",b'Only BJP \xe2\x9c\x8c\xef\xb8\x8f\xf0\x9f\x94\xa5 #KarnatakaVotesForBJP #KarnatakaAssemblyElection2023',b'Both sides are doing the same thing Neither the Congress and the JD (S) https://t.co/vGjS6NJb2F',"b""RT Dear Karnataka Don't believe these Buffoons from Telugu states who are asking you to reject BJP These Buffoons will be o\xe2\x80\xa6""",b'RT In U.S a former president is nailed for sexually predatory conduct In India even a nondescript BJP MP defies public press\xe2\x80\xa6',"b'RT BYE BYE BJP ONE VOTE 5 GUARANTEES, #CongressWinning150 #ByeByeBJP https://t.co/MPzkcHMvdP'",b'RT Police officials catch supporters of MLA Harish Poonja red-handed with cash allegedly meant to bribe voter\xe2\x80\xa6',b'RT Its a Tsunami in coastal karnataka.. Massive voting in favor of BJP. BJP will sweep',b'RT Subash Sharma Ji (Sarpanch) Balwan Singh Ji (Former Youth President Panthers Party join BJP https://t.co/zq73D9JQkT',b'RT BJP MLA and BJP leaders in KR Pete tried to bribe voters by giving them Sarees and other items The villagers went a\xe2\x80\xa6',b'RT _123456 Dear Kannadigas In video Cong says BJP wil bring anti-conversion law &amp ban cow slaughter If Cong comes back dey wil\xe2\x80\xa6',b'RT Police officials catch supporters of MLA Harish Poonja red-handed with cash allegedly meant to bribe voter\xe2\x80\xa6',b'RT This is how Karnataka BJP Govt cremated the bodies of Corona patients. Do not forget this by seeing some clowns road sho\xe2\x80\xa6',b'RT Police officials catch supporters of MLA Harish Poonja red-handed with cash allegedly meant to bribe voter\xe2\x80\xa6',b'RT _ramu Trailor Released Bangal Files Coming Soon only in BJP RULED STATES as Non BJP States may Ban this film as well Only patriot\xe2\x80\xa6',b'RT Her son is coming from Canada just to vote for BJP Karnataka results for you https://t.co/waGICaSg8C',b'RT BJP is trying all dirty tricks to win Karnataka but they will not succeed as people of Karnataka by now very well know\xe2\x80\xa6',b'RT BJP MLA and BJP leaders in KR Pete tried to bribe voters by giving them Sarees and other items The villagers went a\xe2\x80\xa6',b'RT BJP MLA and BJP leaders in KR Pete tried to bribe voters by giving them Sarees and other items The villagers went and th\xe2\x80\xa6',b'RT 1\xef\xb8\x8f Yuva Nidhi Assistance 2\xef\xb8\x8f Anna Bhagya Sustenance 3\xef\xb8\x8f Gruha Jyothi Affordability 4\xef\xb8\x8f Uchita Prayana Accessibility\xe2\x80\xa6',b'RT _Boys This is the elephant of Baba saheb ji and Kanshiram ji Which no one can stop from coming to Meerut ji\xe2\x80\xa6',b'RT Many places people are turning out in large numbers to vote voter consolidation has happened against BJP\xe2\x80\x99s hate polit\xe2\x80\xa6',b'RT BJP MLA and BJP leaders in KR Pete tried to bribe voters by giving them Sarees and other items The villagers went and th\xe2\x80\xa6',b'RT Why is the Goa BJP govt sending people from Goa on Kadamba Transport Corporation buses to northern Karnataka tonight? Why??\xe2\x80\xa6',"b""RT Vote for BJP because it is helping many people let's vote for BJP #KarnatakaVotesForBJP https://t.co/85DnpIdozL""",b'RT In 2014 when BJP came to power less than 34 of the total rail routes in India were electrified Today within 9 years of\xe2\x80\xa6',b'RT Why is Karnataka so important? 1st state going to polls which was in route of Bharat Jodo Yatra Rahul Gandhi covered 55\xe2\x80\xa6',b'RT 1\xef\xb8\x8f Yuva Nidhi Assistance 2\xef\xb8\x8f Anna Bhagya Sustenance 3\xef\xb8\x8f Gruha Jyothi Affordability 4\xef\xb8\x8f Uchita Prayana Accessibility\xe2\x80\xa6',"b""RT _2022_ BJP MLA tried to distribute money &amp saree to poor women to vote in favour of BJP. They all said they don't want any ch\xe2\x80\xa6""",b'RT _Miind Asked residents in Society WhatsApp group to vote for progressive prosperous and peaceful Karnataka. Many of them are\xe2\x80\xa6',"b""RT _bhatt If you want to improve future of Sonia Gandhi's children vote for Congress If you want to improve the future of Deve G\xe2\x80\xa6""",b'RT Dear beloved my team and I traveled across Karnataka for election analysis After all hardwork that last\xe2\x80\xa6',"b""RT Dear Karnataka She is the one behind Delhi Liquor scam and currently under ED Investigation Don't trust these thieves who\xe2\x80\xa6""",b'RT Mohammed Saleem arrested by Madhya Pradesh Anti terrorist Squad who\xe2\x80\x99s working as HOD Biotechnology Department in DECCAN Engi\xe2\x80\xa6',"b'RT Without naming anyone just say in any WhatsApp group ""Vote against hate."" and you would see the reply ""Why are you again\xe2\x80\xa6'",b'RT Her son is coming from Canada just to vote for BJP Karnataka results for you https://t.co/waGICaSg8C',b'RT When congress workers caught BJP agent distributing money for Chikpet BJP candidate ! BJP has already lost the elect\xe2\x80\xa6',b'He is pro bjp or anti bjp?',"b'RT Without naming anyone just say in any WhatsApp group ""Vote against hate."" and you would see the reply ""Why are you again\xe2\x80\xa6'","b""RT _Surya People of Govindrajnagar are turning up in large numbers to vote for development! Confident that 's Shri\xe2\x80\xa6""",b'RT No amount of money or gifts is gonna make BJP win in Karnataka.. People of Karnataka have decided to vote out BJP.',b'RT BJP MLA and BJP leaders in KR Pete tried to bribe voters by giving them Sarees and other items The villagers went and th\xe2\x80\xa6',"b""RT Warning Disturbing video abusive content Inside Gauriganj Kotwali police station in UP's Amethi district Samajwadi Par\xe2\x80\xa6""",b'RT BJP MLA and BJP leaders in KR Pete tried to bribe voters by giving them Sarees and other items The villagers went and th\xe2\x80\xa6',b'RT BJP MLA and BJP leaders in KR Pete tried to bribe voters by giving them Sarees and other items The villagers went and th\xe2\x80\xa6',"b""RT Warning Disturbing video abusive content Inside Gauriganj Kotwali police station in UP's Amethi district Samajwadi Par\xe2\x80\xa6""",b'RT 1\xef\xb8\x8f Yuva Nidhi Assistance 2\xef\xb8\x8f Anna Bhagya Sustenance 3\xef\xb8\x8f Gruha Jyothi Affordability 4\xef\xb8\x8f Uchita Prayana Accessibility\xe2\x80\xa6',b'RT Today as part of the General assembly elections voted along with my wife and BJP Mahadevapura Assembly Constituency candi\xe2\x80\xa6',b'RT BJP MLA and BJP leaders in KR Pete tried to bribe voters by giving them Sarees and other items The villagers went and th\xe2\x80\xa6',b'RT There is strong undercurrent in favor of Congress in Coastal Karnataka Congress Party is getting more popular in the\xe2\x80\xa6',b'RT A BJP MP is saying Jagadish Shettar a Congress candidate will win in the BJP stronghold of Hubbali. This is the real pos\xe2\x80\xa6',"b'RT _Starr Bhakt friend was going to vote in Karnataka So I messaged him and said ""Vote wisely."" ""Sorry can\'t vote against BJP he\xe2\x80\xa6'",b'RT BJP MLA and BJP leaders in KR Pete tried to bribe voters by giving them Sarees and other items The villagers went and th\xe2\x80\xa6',b'RT 1\xef\xb8\x8f Yuva Nidhi Assistance 2\xef\xb8\x8f Anna Bhagya Sustenance 3\xef\xb8\x8f Gruha Jyothi Affordability 4\xef\xb8\x8f Uchita Prayana Accessibility\xe2\x80\xa6',b'RT Dear beloved my team and I traveled across Karnataka for election analysis After all hardwork that last\xe2\x80\xa6',b'RT BJP MLA and BJP leaders in KR Pete tried to bribe voters by giving them Sarees and other items The villagers went and th\xe2\x80\xa6',b'RT Trailor Released Bangal Files. Coming Soon only in BJP RULED STATES as Non BJP States will Ban this film as well https:/\xe2\x80\xa6',b'RT When congress workers caught BJP agent distributing money for Chikpet BJP candidate ! BJP has already lost the elect\xe2\x80\xa6',b'RT Trailor Released Bangal Files Coming Soon only in BJP RULED STATES as Non BJP States will Ban this film as well https://t\xe2\x80\xa6',b'RT Every Hindu.. Please vote against the BJP.',b'RT Mohammed Saleem arrested by Madhya Pradesh Anti terrorist Squad who\xe2\x80\x99s working as HOD Biotechnology Department in DECCAN Engi\xe2\x80\xa6',b'RT Modi-led BJP government has not only taken care of the needy through its welfare schemes but also spent crores on improving\xe2\x80\xa6',"b'RT Karnataka is voting for !! Here is the proof. This is the feedback from ground by a professional/a commoner,m\xe2\x80\xa6'",b'RT BJP leader tried to bribe Karnataka\xe2\x80\x99s women by giving saree but they returned it by saying that they don\xe2\x80\x99t want \xe2\x80\x98bhiksha\xe2\x80\x99\xe2\x80\xa6',b'RT BJP leader tried to bribe Karnataka\xe2\x80\x99s women by giving saree but they returned it by saying that they don\xe2\x80\x99t want \xe2\x80\x98bhiksha\xe2\x80\x99\xe2\x80\xa6',"b""RT Addressing a rally in Badami The enthusiasm of people is reflective of Karnataka's desire to elect the BJP https://t.co\xe2\x80\xa6""",b'RT BJP MLA and BJP leaders in KR Pete tried to bribe voters by giving them Sarees and other items The villagers went and th\xe2\x80\xa6',"b""RT _2022_ BJP MLA tried to distribute money &amp saree to poor women to vote in favour of BJP. They all said they don't want any ch\xe2\x80\xa6"""
